BUSINESS_NAME,SITE_URL,SITE_DESCRIPTION,LOCATION,QUESTION,result
Iconic Mystery Box,https://iconicmysterybox.wixsite.com/website,Welcome to Iconic Mystery Box!,"Scottsdale, AZ, US",Where can I buy vintage Pokémon mystery boxes online?,"Only logged in Users are allowed to use this method

 request-id: 1746965009.39719145601028903349"
Iconic Mystery Box,https://iconicmysterybox.wixsite.com/website,Welcome to Iconic Mystery Box!,"Scottsdale, AZ, US",Best site to purchase graded Pokémon card mystery boxes?,"Only logged in Users are allowed to use this method

 request-id: 1746965009.39919145601125903349"
Iconic Mystery Box,https://iconicmysterybox.wixsite.com/website,Welcome to Iconic Mystery Box!,"Scottsdale, AZ, US",How to order a curated Pokémon mystery box with rare cards?,"Only logged in Users are allowed to use this method

 request-id: 1746965009.39219145600726903352"
Iconic Mystery Box,https://iconicmysterybox.wixsite.com/website,Welcome to Iconic Mystery Box!,"Scottsdale, AZ, US",Are there mystery boxes that include vintage Pokémon packs?,"Only logged in Users are allowed to use this method

 request-id: 1746965009.38919144955540903352"
Iconic Mystery Box,https://iconicmysterybox.wixsite.com/website,Welcome to Iconic Mystery Box!,"Scottsdale, AZ, US",Where can I find mystery boxes for Pokémon collectors in Scottsdale?,"Only logged in Users are allowed to use this method

 request-id: 1746965009.65919144955541903352"
Iconic Mystery Box,https://iconicmysterybox.wixsite.com/website,Welcome to Iconic Mystery Box!,"Scottsdale, AZ, US",Can I get a mystery box with guaranteed rare graded Pokémon cards?,"Only logged in Users are allowed to use this method

 request-id: 1746965009.66919145601126903349"
Iconic Mystery Box,https://iconicmysterybox.wixsite.com/website,Welcome to Iconic Mystery Box!,"Scottsdale, AZ, US",What are the best mystery boxes for Pokémon card collectors?,"Only logged in Users are allowed to use this method

 request-id: 1746965009.66719145601029903349"
Iconic Mystery Box,https://iconicmysterybox.wixsite.com/website,Welcome to Iconic Mystery Box!,"Scottsdale, AZ, US",How to buy Pokémon mystery boxes with a chance to find grail cards?,"Only logged in Users are allowed to use this method

 request-id: 1746965009.66219145600727903352"
Iconic Mystery Box,https://iconicmysterybox.wixsite.com/website,Welcome to Iconic Mystery Box!,"Scottsdale, AZ, US",Where to find nostalgic Pokémon card mystery boxes online?,"Only logged in Users are allowed to use this method

 request-id: 1746965009.93319145601127903349"
Iconic Mystery Box,https://iconicmysterybox.wixsite.com/website,Welcome to Iconic Mystery Box!,"Scottsdale, AZ, US",Are curated mystery boxes with vintage Pokémon cards worth buying?,"Only logged in Users are allowed to use this method

 request-id: 1746965009.93119145601030903349"
Iconic Mystery Box,https://iconicmysterybox.wixsite.com/website,Welcome to Iconic Mystery Box!,"Scottsdale, AZ, US",What makes a Pokémon mystery box valuable for collectors?,"Only logged in Users are allowed to use this method

 request-id: 1746965009.92619145600728903352"
Iconic Mystery Box,https://iconicmysterybox.wixsite.com/website,Welcome to Iconic Mystery Box!,"Scottsdale, AZ, US",How to identify rare and graded Pokémon cards in mystery boxes?,"Only logged in Users are allowed to use this method

 request-id: 1746965009.92319144955542903352"
Iconic Mystery Box,https://iconicmysterybox.wixsite.com/website,Welcome to Iconic Mystery Box!,"Scottsdale, AZ, US",What is the best way to experience Pokémon card unboxing?,"Only logged in Users are allowed to use this method

 request-id: 1746965010.19819145601128903349"
Iconic Mystery Box,https://iconicmysterybox.wixsite.com/website,Welcome to Iconic Mystery Box!,"Scottsdale, AZ, US",What should I expect inside a vintage Pokémon mystery box?,"Only logged in Users are allowed to use this method

 request-id: 1746965010.19619145601031903349"
Iconic Mystery Box,https://iconicmysterybox.wixsite.com/website,Welcome to Iconic Mystery Box!,"Scottsdale, AZ, US",Can I buy a mystery box with sealed vintage Pokémon booster packs?,"Only logged in Users are allowed to use this method

 request-id: 1746965010.18819144955543903352"
Iconic Mystery Box,https://iconicmysterybox.wixsite.com/website,Welcome to Iconic Mystery Box!,"Scottsdale, AZ, US",How do I order a Pokémon mystery box with graded cards online?,"Only logged in Users are allowed to use this method

 request-id: 1746965010.19119145600729903352"
Iconic Mystery Box,https://iconicmysterybox.wixsite.com/website,Welcome to Iconic Mystery Box!,"Scottsdale, AZ, US",Where can I find exclusive Pokémon card mystery boxes in Arizona?,"Only logged in Users are allowed to use this method

 request-id: 1746965010.46119145601129903349"
Iconic Mystery Box,https://iconicmysterybox.wixsite.com/website,Welcome to Iconic Mystery Box!,"Scottsdale, AZ, US",How to buy an Iconic Mystery Box filled with vintage Pokémon cards?,"Only logged in Users are allowed to use this method

 request-id: 1746965010.45919145601032903349"
Iconic Mystery Box,https://iconicmysterybox.wixsite.com/website,Welcome to Iconic Mystery Box!,"Scottsdale, AZ, US",What kind of rare Pokémon cards come in an Iconic Mystery Box?,"Only logged in Users are allowed to use this method

 request-id: 1746965010.45419145600730903352"
Iconic Mystery Box,https://iconicmysterybox.wixsite.com/website,Welcome to Iconic Mystery Box!,"Scottsdale, AZ, US",Is Iconic Mystery Box a trusted source for graded Pokémon mystery boxes?,"Only logged in Users are allowed to use this method

 request-id: 1746965010.45119144955544903352"
Painted OEM Parts,https://paintedoemparts.wixsite.com/paintedoemparts,"Brand New, Professionally Painted-To-Match Parts with Custom Color Matching, Lifetime Warranty, and Nationwide Shipping!","Loveland, CO, US",Where can I order painted OEM car bumpers online?,"Only logged in Users are allowed to use this method

 request-id: 1746965010.72719145601130903349"
Painted OEM Parts,https://paintedoemparts.wixsite.com/paintedoemparts,"Brand New, Professionally Painted-To-Match Parts with Custom Color Matching, Lifetime Warranty, and Nationwide Shipping!","Loveland, CO, US",How to buy factory color-matched auto body parts?,"Only logged in Users are allowed to use this method

 request-id: 1746965010.72019145600731903352"
Painted OEM Parts,https://paintedoemparts.wixsite.com/paintedoemparts,"Brand New, Professionally Painted-To-Match Parts with Custom Color Matching, Lifetime Warranty, and Nationwide Shipping!","Loveland, CO, US",Best place to purchase professionally painted replacement car parts with warranty,"Only logged in Users are allowed to use this method

 request-id: 1746965010.72519145601033903349"
Painted OEM Parts,https://paintedoemparts.wixsite.com/paintedoemparts,"Brand New, Professionally Painted-To-Match Parts with Custom Color Matching, Lifetime Warranty, and Nationwide Shipping!","Loveland, CO, US",Can I get painted OEM parts shipped nationwide?,"Only logged in Users are allowed to use this method

 request-id: 1746965010.71719144955545903352"
Painted OEM Parts,https://paintedoemparts.wixsite.com/paintedoemparts,"Brand New, Professionally Painted-To-Match Parts with Custom Color Matching, Lifetime Warranty, and Nationwide Shipping!","Loveland, CO, US","How much do painted OEM bumpers cost delivered to Loveland, CO?","Only logged in Users are allowed to use this method

 request-id: 1746965010.99319145600732903352"
Painted OEM Parts,https://paintedoemparts.wixsite.com/paintedoemparts,"Brand New, Professionally Painted-To-Match Parts with Custom Color Matching, Lifetime Warranty, and Nationwide Shipping!","Loveland, CO, US",Ordering painted OEM fenders that match my vehicle's original paint,"Only logged in Users are allowed to use this method

 request-id: 1746965011.00119145601131903349"
Painted OEM Parts,https://paintedoemparts.wixsite.com/paintedoemparts,"Brand New, Professionally Painted-To-Match Parts with Custom Color Matching, Lifetime Warranty, and Nationwide Shipping!","Loveland, CO, US",Are painted OEM parts a good option for car repair businesses?,"Only logged in Users are allowed to use this method

 request-id: 1746965010.99919145601034903349"
Painted OEM Parts,https://paintedoemparts.wixsite.com/paintedoemparts,"Brand New, Professionally Painted-To-Match Parts with Custom Color Matching, Lifetime Warranty, and Nationwide Shipping!","Loveland, CO, US",What are the benefits of buying painted OEM parts versus unpainted?,"Only logged in Users are allowed to use this method

 request-id: 1746965010.99119144955546903352"
Painted OEM Parts,https://paintedoemparts.wixsite.com/paintedoemparts,"Brand New, Professionally Painted-To-Match Parts with Custom Color Matching, Lifetime Warranty, and Nationwide Shipping!","Loveland, CO, US",How accurate is the color match on professionally painted OEM auto parts?,"Only logged in Users are allowed to use this method

 request-id: 1746965011.26419145601132903349"
Painted OEM Parts,https://paintedoemparts.wixsite.com/paintedoemparts,"Brand New, Professionally Painted-To-Match Parts with Custom Color Matching, Lifetime Warranty, and Nationwide Shipping!","Loveland, CO, US",Where to find lifetime warranty painted OEM auto body parts?,"Only logged in Users are allowed to use this method

 request-id: 1746965011.26319145601035903349"
Painted OEM Parts,https://paintedoemparts.wixsite.com/paintedoemparts,"Brand New, Professionally Painted-To-Match Parts with Custom Color Matching, Lifetime Warranty, and Nationwide Shipping!","Loveland, CO, US",Can I order small painted replacement parts for my vehicle online?,"Only logged in Users are allowed to use this method

 request-id: 1746965011.25819145600733903352"
Painted OEM Parts,https://paintedoemparts.wixsite.com/paintedoemparts,"Brand New, Professionally Painted-To-Match Parts with Custom Color Matching, Lifetime Warranty, and Nationwide Shipping!","Loveland, CO, US",What is the process to get OEM parts painted to match factory colors?,"Only logged in Users are allowed to use this method

 request-id: 1746965011.25519144955547903352"
Painted OEM Parts,https://paintedoemparts.wixsite.com/paintedoemparts,"Brand New, Professionally Painted-To-Match Parts with Custom Color Matching, Lifetime Warranty, and Nationwide Shipping!","Loveland, CO, US",How to replace a damaged bumper with a painted OEM part?,"Only logged in Users are allowed to use this method

 request-id: 1746965011.53019145601133903349"
Painted OEM Parts,https://paintedoemparts.wixsite.com/paintedoemparts,"Brand New, Professionally Painted-To-Match Parts with Custom Color Matching, Lifetime Warranty, and Nationwide Shipping!","Loveland, CO, US",Is it cheaper to buy painted OEM parts or use a traditional body shop?,"Only logged in Users are allowed to use this method

 request-id: 1746965011.52819145601036903349"
Painted OEM Parts,https://paintedoemparts.wixsite.com/paintedoemparts,"Brand New, Professionally Painted-To-Match Parts with Custom Color Matching, Lifetime Warranty, and Nationwide Shipping!","Loveland, CO, US",Are painted OEM parts suitable for DIY car repairs?,"Only logged in Users are allowed to use this method

 request-id: 1746965011.52419145600734903352"
Painted OEM Parts,https://paintedoemparts.wixsite.com/paintedoemparts,"Brand New, Professionally Painted-To-Match Parts with Custom Color Matching, Lifetime Warranty, and Nationwide Shipping!","Loveland, CO, US","How fast can painted OEM parts be shipped to Loveland, Colorado?","Only logged in Users are allowed to use this method

 request-id: 1746965011.52119144955548903352"
Painted OEM Parts,https://paintedoemparts.wixsite.com/paintedoemparts,"Brand New, Professionally Painted-To-Match Parts with Custom Color Matching, Lifetime Warranty, and Nationwide Shipping!","Loveland, CO, US",What is the difference between OEM painted parts and aftermarket painted parts?,"Only logged in Users are allowed to use this method

 request-id: 1746965011.79519145601134903349"
Painted OEM Parts,https://paintedoemparts.wixsite.com/paintedoemparts,"Brand New, Professionally Painted-To-Match Parts with Custom Color Matching, Lifetime Warranty, and Nationwide Shipping!","Loveland, CO, US",Does Painted OEM Parts offer nationwide shipping on painted auto parts?,"Only logged in Users are allowed to use this method

 request-id: 1746965011.79319145601037903349"
Painted OEM Parts,https://paintedoemparts.wixsite.com/paintedoemparts,"Brand New, Professionally Painted-To-Match Parts with Custom Color Matching, Lifetime Warranty, and Nationwide Shipping!","Loveland, CO, US",What warranty does Painted OEM Parts provide for their products?,"Only logged in Users are allowed to use this method

 request-id: 1746965011.78519144955549903352"
Painted OEM Parts,https://paintedoemparts.wixsite.com/paintedoemparts,"Brand New, Professionally Painted-To-Match Parts with Custom Color Matching, Lifetime Warranty, and Nationwide Shipping!","Loveland, CO, US",How do I order custom painted OEM parts from Painted OEM Parts?,"Only logged in Users are allowed to use this method

 request-id: 1746965011.78819145600735903352"
POKENE,https://pokenetrading.wixsite.com/website-2,"The best selection of Japanese Pokémon, Weiss Schwarz, Digimon, Dragon Ball, Demon Slayer, Yu-Gi-Oh Cards - all shipped within 24 hours from Omaha, NE","Omaha, NE, US",Where can I buy authentic Pokémon cards from Japan online?,"Only logged in Users are allowed to use this method

 request-id: 1746965012.06019145601135903349"
POKENE,https://pokenetrading.wixsite.com/website-2,"The best selection of Japanese Pokémon, Weiss Schwarz, Digimon, Dragon Ball, Demon Slayer, Yu-Gi-Oh Cards - all shipped within 24 hours from Omaha, NE","Omaha, NE, US",Best place to purchase Pokémon booster packs with fast shipping in the US,"Only logged in Users are allowed to use this method

 request-id: 1746965012.05819145601038903349"
POKENE,https://pokenetrading.wixsite.com/website-2,"The best selection of Japanese Pokémon, Weiss Schwarz, Digimon, Dragon Ball, Demon Slayer, Yu-Gi-Oh Cards - all shipped within 24 hours from Omaha, NE","Omaha, NE, US",How do I buy rare Pokémon cards from Korea?,"Only logged in Users are allowed to use this method

 request-id: 1746965012.05319145600736903352"
POKENE,https://pokenetrading.wixsite.com/website-2,"The best selection of Japanese Pokémon, Weiss Schwarz, Digimon, Dragon Ball, Demon Slayer, Yu-Gi-Oh Cards - all shipped within 24 hours from Omaha, NE","Omaha, NE, US",Where can I find Pokémon card boxes for collectors?,"Only logged in Users are allowed to use this method

 request-id: 1746965012.05119144955550903352"
POKENE,https://pokenetrading.wixsite.com/website-2,"The best selection of Japanese Pokémon, Weiss Schwarz, Digimon, Dragon Ball, Demon Slayer, Yu-Gi-Oh Cards - all shipped within 24 hours from Omaha, NE","Omaha, NE, US",Can I buy Pokémon cards for kids and adults online?,"Only logged in Users are allowed to use this method

 request-id: 1746965012.32919145601136903349"
POKENE,https://pokenetrading.wixsite.com/website-2,"The best selection of Japanese Pokémon, Weiss Schwarz, Digimon, Dragon Ball, Demon Slayer, Yu-Gi-Oh Cards - all shipped within 24 hours from Omaha, NE","Omaha, NE, US",Where to buy Pokémon cards with international selection?,"Only logged in Users are allowed to use this method

 request-id: 1746965012.32719145601039903349"
POKENE,https://pokenetrading.wixsite.com/website-2,"The best selection of Japanese Pokémon, Weiss Schwarz, Digimon, Dragon Ball, Demon Slayer, Yu-Gi-Oh Cards - all shipped within 24 hours from Omaha, NE","Omaha, NE, US","Fast shipping options for buying Pokémon cards in Omaha, NE","Only logged in Users are allowed to use this method

 request-id: 1746965012.32219145600737903352"
POKENE,https://pokenetrading.wixsite.com/website-2,"The best selection of Japanese Pokémon, Weiss Schwarz, Digimon, Dragon Ball, Demon Slayer, Yu-Gi-Oh Cards - all shipped within 24 hours from Omaha, NE","Omaha, NE, US",Where can I trade Pokémon cards near me?,"Only logged in Users are allowed to use this method

 request-id: 1746965012.31919144955551903352"
POKENE,https://pokenetrading.wixsite.com/website-2,"The best selection of Japanese Pokémon, Weiss Schwarz, Digimon, Dragon Ball, Demon Slayer, Yu-Gi-Oh Cards - all shipped within 24 hours from Omaha, NE","Omaha, NE, US",Are there local Pokémon trading events in Omaha?,"Only logged in Users are allowed to use this method

 request-id: 1746965012.58919145601040903349"
POKENE,https://pokenetrading.wixsite.com/website-2,"The best selection of Japanese Pokémon, Weiss Schwarz, Digimon, Dragon Ball, Demon Slayer, Yu-Gi-Oh Cards - all shipped within 24 hours from Omaha, NE","Omaha, NE, US",How can I join a Pokémon card community online?,"Only logged in Users are allowed to use this method

 request-id: 1746965012.59319145601137903349"
POKENE,https://pokenetrading.wixsite.com/website-2,"The best selection of Japanese Pokémon, Weiss Schwarz, Digimon, Dragon Ball, Demon Slayer, Yu-Gi-Oh Cards - all shipped within 24 hours from Omaha, NE","Omaha, NE, US",What are the differences between Japanese and US Pokémon cards?,"Only logged in Users are allowed to use this method

 request-id: 1746965012.58619145600738903352"
POKENE,https://pokenetrading.wixsite.com/website-2,"The best selection of Japanese Pokémon, Weiss Schwarz, Digimon, Dragon Ball, Demon Slayer, Yu-Gi-Oh Cards - all shipped within 24 hours from Omaha, NE","Omaha, NE, US",How to start a Pokémon card collection for beginners?,"Only logged in Users are allowed to use this method

 request-id: 1746965012.58319144955552903352"
POKENE,https://pokenetrading.wixsite.com/website-2,"The best selection of Japanese Pokémon, Weiss Schwarz, Digimon, Dragon Ball, Demon Slayer, Yu-Gi-Oh Cards - all shipped within 24 hours from Omaha, NE","Omaha, NE, US",What are the rarest Pokémon cards from Korea?,"Only logged in Users are allowed to use this method

 request-id: 1746965012.85819145601138903349"
POKENE,https://pokenetrading.wixsite.com/website-2,"The best selection of Japanese Pokémon, Weiss Schwarz, Digimon, Dragon Ball, Demon Slayer, Yu-Gi-Oh Cards - all shipped within 24 hours from Omaha, NE","Omaha, NE, US",Where can I find Pokémon booster boxes for sale?,"Only logged in Users are allowed to use this method

 request-id: 1746965012.85219145600739903352"
POKENE,https://pokenetrading.wixsite.com/website-2,"The best selection of Japanese Pokémon, Weiss Schwarz, Digimon, Dragon Ball, Demon Slayer, Yu-Gi-Oh Cards - all shipped within 24 hours from Omaha, NE","Omaha, NE, US",How to buy Pokémon cards with secure payment options?,"Only logged in Users are allowed to use this method

 request-id: 1746965012.85719145601041903349"
POKENE,https://pokenetrading.wixsite.com/website-2,"The best selection of Japanese Pokémon, Weiss Schwarz, Digimon, Dragon Ball, Demon Slayer, Yu-Gi-Oh Cards - all shipped within 24 hours from Omaha, NE","Omaha, NE, US",Are there any discounts on Pokémon card packs online?,"Only logged in Users are allowed to use this method

 request-id: 1746965012.84919144955553903352"
POKENE,https://pokenetrading.wixsite.com/website-2,"The best selection of Japanese Pokémon, Weiss Schwarz, Digimon, Dragon Ball, Demon Slayer, Yu-Gi-Oh Cards - all shipped within 24 hours from Omaha, NE","Omaha, NE, US",What is the best way to store and protect Pokémon cards?,"Only logged in Users are allowed to use this method

 request-id: 1746965013.12319145601139903349"
POKENE,https://pokenetrading.wixsite.com/website-2,"The best selection of Japanese Pokémon, Weiss Schwarz, Digimon, Dragon Ball, Demon Slayer, Yu-Gi-Oh Cards - all shipped within 24 hours from Omaha, NE","Omaha, NE, US",Does POKENE offer international shipping for Pokémon cards?,"Only logged in Users are allowed to use this method

 request-id: 1746965013.12119145601042903349"
POKENE,https://pokenetrading.wixsite.com/website-2,"The best selection of Japanese Pokémon, Weiss Schwarz, Digimon, Dragon Ball, Demon Slayer, Yu-Gi-Oh Cards - all shipped within 24 hours from Omaha, NE","Omaha, NE, US",What types of Pokémon cards can I find at POKENE?,"Only logged in Users are allowed to use this method

 request-id: 1746965013.11619145600740903352"
POKENE,https://pokenetrading.wixsite.com/website-2,"The best selection of Japanese Pokémon, Weiss Schwarz, Digimon, Dragon Ball, Demon Slayer, Yu-Gi-Oh Cards - all shipped within 24 hours from Omaha, NE","Omaha, NE, US",How can I join POKENE's Pokémon community and events?,"Only logged in Users are allowed to use this method

 request-id: 1746965013.11319144955554903352"
A.W MONTEBELLO,https://allwholesale.wixsite.com/website,"Wholesale liquidation, returns & overstock including famous brands available by pallet, lots & truckloads.","Montebello, CA, US",Where can I sell my surplus inventory quickly in Montebello?,"Only logged in Users are allowed to use this method

 request-id: 1746965013.40719145601140903349"
A.W MONTEBELLO,https://allwholesale.wixsite.com/website,"Wholesale liquidation, returns & overstock including famous brands available by pallet, lots & truckloads.","Montebello, CA, US",How to get immediate payment for overstock products?,"Only logged in Users are allowed to use this method

 request-id: 1746965013.40619145601043903349"
A.W MONTEBELLO,https://allwholesale.wixsite.com/website,"Wholesale liquidation, returns & overstock including famous brands available by pallet, lots & truckloads.","Montebello, CA, US",Who buys returned merchandise from retailers in California?,"Only logged in Users are allowed to use this method

 request-id: 1746965013.40119145600741903352"
A.W MONTEBELLO,https://allwholesale.wixsite.com/website,"Wholesale liquidation, returns & overstock including famous brands available by pallet, lots & truckloads.","Montebello, CA, US","Best companies to liquidate excess stock near Montebello, CA","Only logged in Users are allowed to use this method

 request-id: 1746965013.39919144955555903352"
A.W MONTEBELLO,https://allwholesale.wixsite.com/website,"Wholesale liquidation, returns & overstock including famous brands available by pallet, lots & truckloads.","Montebello, CA, US",Where can I find a reliable business to handle outdated product liquidation?,"Only logged in Users are allowed to use this method

 request-id: 1746965013.69919145601141903349"
A.W MONTEBELLO,https://allwholesale.wixsite.com/website,"Wholesale liquidation, returns & overstock including famous brands available by pallet, lots & truckloads.","Montebello, CA, US",How to turn overstock and returns into cash fast?,"Only logged in Users are allowed to use this method

 request-id: 1746965013.69819145601044903349"
A.W MONTEBELLO,https://allwholesale.wixsite.com/website,"Wholesale liquidation, returns & overstock including famous brands available by pallet, lots & truckloads.","Montebello, CA, US",Can I sell my manufacturer surplus inventory to a wholesale buyer?,"Only logged in Users are allowed to use this method

 request-id: 1746965013.69319145600742903352"
A.W MONTEBELLO,https://allwholesale.wixsite.com/website,"Wholesale liquidation, returns & overstock including famous brands available by pallet, lots & truckloads.","Montebello, CA, US",Who offers quick appraisals for surplus business inventory?,"Only logged in Users are allowed to use this method

 request-id: 1746965013.69019144955556903352"
A.W MONTEBELLO,https://allwholesale.wixsite.com/website,"Wholesale liquidation, returns & overstock including famous brands available by pallet, lots & truckloads.","Montebello, CA, US",Where to sell excess retail stock without hassle?,"Only logged in Users are allowed to use this method

 request-id: 1746965013.96619145601142903349"
A.W MONTEBELLO,https://allwholesale.wixsite.com/website,"Wholesale liquidation, returns & overstock including famous brands available by pallet, lots & truckloads.","Montebello, CA, US",How to liquidate logistics company surplus products efficiently?,"Only logged in Users are allowed to use this method

 request-id: 1746965013.96519145601045903349"
A.W MONTEBELLO,https://allwholesale.wixsite.com/website,"Wholesale liquidation, returns & overstock including famous brands available by pallet, lots & truckloads.","Montebello, CA, US",Companies that buy outdated products from businesses in Montebello,"Only logged in Users are allowed to use this method

 request-id: 1746965013.96019145600743903352"
A.W MONTEBELLO,https://allwholesale.wixsite.com/website,"Wholesale liquidation, returns & overstock including famous brands available by pallet, lots & truckloads.","Montebello, CA, US",What are the benefits of liquidating surplus inventory quickly?,"Only logged in Users are allowed to use this method

 request-id: 1746965013.95719144955557903352"
A.W MONTEBELLO,https://allwholesale.wixsite.com/website,"Wholesale liquidation, returns & overstock including famous brands available by pallet, lots & truckloads.","Montebello, CA, US",How does a surplus inventory liquidation company work?,"Only logged in Users are allowed to use this method

 request-id: 1746965014.23219145601143903349"
A.W MONTEBELLO,https://allwholesale.wixsite.com/website,"Wholesale liquidation, returns & overstock including famous brands available by pallet, lots & truckloads.","Montebello, CA, US",What types of businesses need wholesale liquidation services?,"Only logged in Users are allowed to use this method

 request-id: 1746965014.23119145601046903349"
A.W MONTEBELLO,https://allwholesale.wixsite.com/website,"Wholesale liquidation, returns & overstock including famous brands available by pallet, lots & truckloads.","Montebello, CA, US",Where can I find wholesale buyers for returned goods in California?,"Only logged in Users are allowed to use this method

 request-id: 1746965014.22719145600744903352"
A.W MONTEBELLO,https://allwholesale.wixsite.com/website,"Wholesale liquidation, returns & overstock including famous brands available by pallet, lots & truckloads.","Montebello, CA, US",How to get cash for excess stock without long delays?,"Only logged in Users are allowed to use this method

 request-id: 1746965014.22419144955558903352"
A.W MONTEBELLO,https://allwholesale.wixsite.com/website,"Wholesale liquidation, returns & overstock including famous brands available by pallet, lots & truckloads.","Montebello, CA, US",Best liquidation services for business surplus inventory in Montebello,"Only logged in Users are allowed to use this method

 request-id: 1746965014.49819145601144903349"
A.W MONTEBELLO,https://allwholesale.wixsite.com/website,"Wholesale liquidation, returns & overstock including famous brands available by pallet, lots & truckloads.","Montebello, CA, US",How can A.W MONTEBELLO help me sell my overstock inventory?,"Only logged in Users are allowed to use this method

 request-id: 1746965014.49619145601047903349"
A.W MONTEBELLO,https://allwholesale.wixsite.com/website,"Wholesale liquidation, returns & overstock including famous brands available by pallet, lots & truckloads.","Montebello, CA, US",What services does A.W MONTEBELLO offer for surplus liquidation?,"Only logged in Users are allowed to use this method

 request-id: 1746965014.49119145600745903352"
A.W MONTEBELLO,https://allwholesale.wixsite.com/website,"Wholesale liquidation, returns & overstock including famous brands available by pallet, lots & truckloads.","Montebello, CA, US",Is A.W MONTEBELLO a reliable company to liquidate business returns?,"Only logged in Users are allowed to use this method

 request-id: 1746965014.48819144955559903352"
Morozko Ice Bath,https://tpseager.wixsite.com/website-1-1,Ice bath equipment and accessories for personal and commercial use,"Phoenix, AZ, US",Where can I buy a high-quality ice bath tub for home use?,"Only logged in Users are allowed to use this method

 request-id: 1746965014.76119145601145903349"
Morozko Ice Bath,https://tpseager.wixsite.com/website-1-1,Ice bath equipment and accessories for personal and commercial use,"Phoenix, AZ, US",Best cold plunge tubs with self-ice making feature in Phoenix,"Only logged in Users are allowed to use this method

 request-id: 1746965014.76019145601048903349"
Morozko Ice Bath,https://tpseager.wixsite.com/website-1-1,Ice bath equipment and accessories for personal and commercial use,"Phoenix, AZ, US",Premium handcrafted ice baths for cold therapy near me,"Only logged in Users are allowed to use this method

 request-id: 1746965014.75519145600746903352"
Morozko Ice Bath,https://tpseager.wixsite.com/website-1-1,Ice bath equipment and accessories for personal and commercial use,"Phoenix, AZ, US",Cold plunge tubs with advanced filtration and ozone disinfection,"Only logged in Users are allowed to use this method

 request-id: 1746965014.75219144955560903352"
Morozko Ice Bath,https://tpseager.wixsite.com/website-1-1,Ice bath equipment and accessories for personal and commercial use,"Phoenix, AZ, US",Durable ice baths for commercial gyms and wellness centers,"Only logged in Users are allowed to use this method

 request-id: 1746965015.02419145601146903349"
Morozko Ice Bath,https://tpseager.wixsite.com/website-1-1,Ice bath equipment and accessories for personal and commercial use,"Phoenix, AZ, US",Affordable cold plunge tubs with automated ice maintenance,"Only logged in Users are allowed to use this method

 request-id: 1746965015.02319145601049903349"
Morozko Ice Bath,https://tpseager.wixsite.com/website-1-1,Ice bath equipment and accessories for personal and commercial use,"Phoenix, AZ, US",Where can I purchase a cold plunge tub with excellent customer service?,"Only logged in Users are allowed to use this method

 request-id: 1746965015.01819145600747903352"
Morozko Ice Bath,https://tpseager.wixsite.com/website-1-1,Ice bath equipment and accessories for personal and commercial use,"Phoenix, AZ, US",Ice bath tubs designed for serious health enthusiasts,"Only logged in Users are allowed to use this method

 request-id: 1746965015.01519144955561903352"
Morozko Ice Bath,https://tpseager.wixsite.com/website-1-1,Ice bath equipment and accessories for personal and commercial use,"Phoenix, AZ, US",Best ice bath tubs for building cold exposure resilience,"Only logged in Users are allowed to use this method

 request-id: 1746965015.28819145601147903349"
Morozko Ice Bath,https://tpseager.wixsite.com/website-1-1,Ice bath equipment and accessories for personal and commercial use,"Phoenix, AZ, US",Cold therapy tubs with pristine water quality technology,"Only logged in Users are allowed to use this method

 request-id: 1746965015.28719145601050903349"
Morozko Ice Bath,https://tpseager.wixsite.com/website-1-1,Ice bath equipment and accessories for personal and commercial use,"Phoenix, AZ, US","Where to buy a premium cold plunge tub in Phoenix, AZ?","Only logged in Users are allowed to use this method

 request-id: 1746965015.28219145600748903352"
Morozko Ice Bath,https://tpseager.wixsite.com/website-1-1,Ice bath equipment and accessories for personal and commercial use,"Phoenix, AZ, US",What are the benefits of using a cold plunge tub regularly?,"Only logged in Users are allowed to use this method

 request-id: 1746965015.27919144955562903352"
Morozko Ice Bath,https://tpseager.wixsite.com/website-1-1,Ice bath equipment and accessories for personal and commercial use,"Phoenix, AZ, US",How does ozone disinfection improve ice bath water quality?,"Only logged in Users are allowed to use this method

 request-id: 1746965015.55319145601148903349"
Morozko Ice Bath,https://tpseager.wixsite.com/website-1-1,Ice bath equipment and accessories for personal and commercial use,"Phoenix, AZ, US",What features should I look for in a high-end ice bath tub?,"Only logged in Users are allowed to use this method

 request-id: 1746965015.55119145601051903349"
Morozko Ice Bath,https://tpseager.wixsite.com/website-1-1,Ice bath equipment and accessories for personal and commercial use,"Phoenix, AZ, US",Can cold plunge tubs help improve resilience and recovery?,"Only logged in Users are allowed to use this method

 request-id: 1746965015.54619145600749903352"
Morozko Ice Bath,https://tpseager.wixsite.com/website-1-1,Ice bath equipment and accessories for personal and commercial use,"Phoenix, AZ, US",Ice bath tubs with automated ice making for home therapy,"Only logged in Users are allowed to use this method

 request-id: 1746965015.54319144955563903352"
Morozko Ice Bath,https://tpseager.wixsite.com/website-1-1,Ice bath equipment and accessories for personal and commercial use,"Phoenix, AZ, US",Where to find handcrafted cold plunge tubs with advanced filtration?,"Only logged in Users are allowed to use this method

 request-id: 1746965015.81619145601149903349"
Morozko Ice Bath,https://tpseager.wixsite.com/website-1-1,Ice bath equipment and accessories for personal and commercial use,"Phoenix, AZ, US",Morozko Ice Bath cold plunge tubs for home use,"Only logged in Users are allowed to use this method

 request-id: 1746965015.81619145601052903349"
Morozko Ice Bath,https://tpseager.wixsite.com/website-1-1,Ice bath equipment and accessories for personal and commercial use,"Phoenix, AZ, US",How does Morozko Ice Bath maintain water quality in their tubs?,"Only logged in Users are allowed to use this method

 request-id: 1746965015.81119145600750903352"
Morozko Ice Bath,https://tpseager.wixsite.com/website-1-1,Ice bath equipment and accessories for personal and commercial use,"Phoenix, AZ, US",Morozko Ice Bath tubs for commercial cold therapy centers,"Only logged in Users are allowed to use this method

 request-id: 1746965015.80919144955564903352"